{
  "transition_matrix": {
    "per_feature": {
      "DayOfWeek": {
        "tm_l1": 0.16197747724822506,
        "tm_jsd": 0.3925476892951751
      },
      "Date": {
        "tm_l1": 0.019207409485567692,
        "tm_jsd": 0.5272893281121142
      },
      "Customers": {
        "tm_l1": 0.21888170504906906,
        "tm_jsd": 0.4479222801974657
      },
      "Open": {
        "tm_l1": 0.026787118126523665,
        "tm_jsd": 0.06848057637126193
      },
      "Promo": {
        "tm_l1": 0.0006793643222500556,
        "tm_jsd": 0.0015650424861969694
      },
      "StateHoliday": {
        "tm_l1": 0.0,
        "tm_jsd": 0.0
      },
      "SchoolHoliday": {
        "tm_l1": 0.015852715576113254,
        "tm_jsd": 0.03631472276886011
      },
      "Id": {
        "tm_l1": 0.02580645161290323,
        "tm_jsd": 0.1357570642748026
      },
      "Store": {
        "tm_l1": 0.0,
        "tm_jsd": 0.0
      },
      "StoreType": {
        "tm_l1": 0.0,
        "tm_jsd": 0.0
      },
      "Assortment": {
        "tm_l1": 0.0,
        "tm_jsd": 0.0
      },
      "CompetitionDistance": {
        "tm_l1": 0.0,
        "tm_jsd": 0.0
      },
      "CompetitionOpenSinceMonth": {
        "tm_l1": 0.0,
        "tm_jsd": 0.0
      },
      "CompetitionOpenSinceYear": {
        "tm_l1": 0.04,
        "tm_jsd": 0.1300477528899818
      },
      "Promo2": {
        "tm_l1": 0.0,
        "tm_jsd": 0.0
      },
      "Promo2SinceWeek": {
        "tm_l1": 0.0,
        "tm_jsd": 0.0
      },
      "Promo2SinceYear": {
        "tm_l1": 0.0,
        "tm_jsd": 0.0
      },
      "PromoInterval": {
        "tm_l1": 0.0,
        "tm_jsd": 0.0
      }
    },
    "tm_l1_overall": 0.02828845785670289,
    "tm_jsd_overall": 0.09666246979976992
  },
  "lag_diff": {
    "per_feature": {
      "CompetitionDistance": {
        "ks_stat": 0.0,
        "p_value": 1.0,
        "wasserstein_distance": 0.0
      },
      "CompetitionOpenSinceMonth": {
        "ks_stat": 0.0,
        "p_value": 1.0,
        "wasserstein_distance": 0.0
      },
      "CompetitionOpenSinceYear": {
        "ks_stat": 0.0,
        "p_value": 1.0,
        "wasserstein_distance": 0.0
      },
      "Promo2SinceWeek": {
        "ks_stat": 0.0,
        "p_value": 1.0,
        "wasserstein_distance": 0.0
      },
      "Promo2SinceYear": {
        "ks_stat": 0.0,
        "p_value": 1.0,
        "wasserstein_distance": 0.0
      },
      "Customers": {
        "ks_stat": 0.1836545364510649,
        "p_value": 0.0,
        "wasserstein_distance": 0.027605456134236653
      }
    },
    "lag_diff_ks_overall": 0.030609089408510815,
    "lag_diff_wasserstein_overall": 0.004600909355706109
  },
  "Temporal Validity": 0.0,
  "temporal_jsd": {
    "per_feature": {
      "StoreType": 0.02810636452661992,
      "Assortment": 0.021115928541496277,
      "Promo2": 0.009193931382842904,
      "PromoInterval": 0.02606182863470775,
      "DayOfWeek": 0.02166076116065572,
      "Open": 0.014256490850031004,
      "Promo": 0.009138783554315705,
      "StateHoliday": 0.0,
      "SchoolHoliday": 0.007027268665635357
    },
    "temporal_jsd_overall": 0.01517348414625607
  },
  "temporal_tv": {
    "per_feature": {
      "StoreType": 0.01461738852319347,
      "Assortment": 0.01735121837675444,
      "Promo2": 0.010734733877457495,
      "PromoInterval": 0.027443111555454185,
      "DayOfWeek": 0.019380886462124755,
      "Open": 0.010991880170902241,
      "Promo": 0.007351614226087202,
      "StateHoliday": 6.106226635438361e-17,
      "SchoolHoliday": 0.007165259407816577
    },
    "temporal_tv_overall": 0.01278178806664338
  },
  "temporal_wasserstein": {
    "per_feature": {
      "CompetitionDistance": 0.009261658933381631,
      "CompetitionOpenSinceMonth": 0.08592187216208935,
      "CompetitionOpenSinceYear": 0.024014497771363323,
      "Promo2SinceWeek": 0.14651478317553515,
      "Promo2SinceYear": 0.13283160830687296,
      "Customers": 0.0031804558526496115
    },
    "temporal_wasserstein_overall": 0.06695414603364867
  },
  "temporal_ks": {
    "per_feature": {
      "CompetitionDistance": 0.05071437548934994,
      "CompetitionOpenSinceMonth": 0.17657005230981568,
      "CompetitionOpenSinceYear": 0.2199351399253747,
      "Promo2SinceWeek": 0.33590323342653433,
      "Promo2SinceYear": 0.3165486656812198,
      "Customers": 0.021618403327081134
    },
    "temporal_ks_overall": 0.1868816450265626
  },
  "temporal_mmd": {
    "kernel": "rbf",
    "params": {
      "gamma": 1.0,
      "degree": 2,
      "coef0": 0.0
    },
    "per_time_bin": {
      "2014-07-28/2014-08-03": 0.015488600832910038,
      "2014-08-04/2014-08-10": 0.0166172354009817,
      "2014-08-11/2014-08-17": 0.016706330883251796,
      "2014-08-18/2014-08-24": 0.01752758393997822,
      "2014-08-25/2014-08-31": 0.017398868907886333,
      "2014-09-01/2014-09-07": 0.015743506830810716,
      "2014-09-08/2014-09-14": 0.017313500369769752,
      "2014-09-15/2014-09-21": 0.01567814105615528,
      "2014-09-22/2014-09-28": 0.016629738112585946,
      "2014-09-29/2014-10-05": 0.01662020212374915
    },
    "temporal_mmd_overall": 0.016572370845807892
  }
}